{
  "recommended_offer": 2379.577051279496,
  "expected_value": 110.33887615135318,
  "p_win": 0.22029617115623387,
  "risk_band": "low",
  "explanation": {
    "e_sale": 3280.443115234375,
    "e_costs": 400.0,
    "tail_penalty": 0.0
  }
}